10377,New,CHECKED_RETURN,None
10378,New,CHECKED_RETURN,None
10379,New,NEGATIVE_RETURNS,None
10632,New,MISRA C++-2008 Rule 18-0-5,None
10633,New,MISRA C++-2008 Rule 18-0-3,None
10634,New,MISRA C++-2008 Rule 18-0-5,None
10635,New,MISRA C++-2008 Rule 18-0-5,None
10636,New,MISRA C++-2008 Rule 18-0-5,None
10637,New,MISRA C++-2008 Rule 18-0-5,None
10638,New,MISRA C++-2008 Rule 18-0-5,None
10639,New,MISRA C++-2008 Rule 16-0-1,None
10640,New,MISRA C++-2008 Rule 16-0-1,None
10641,New,MISRA C++-2008 Rule 16-0-3,None
10642,New,MISRA C++-2008 Rule 16-0-3,None
10643,New,MISRA C++-2008 Rule 16-0-3,None
10644,New,MISRA C++-2008 Rule 16-0-3,None
10645,New,MISRA C++-2008 Rule 16-0-4,None
10646,New,MISRA C++-2008 Rule 16-0-4,None
10647,New,MISRA C++-2008 Rule 16-0-4,None
10648,New,MISRA C++-2008 Rule 16-0-4,None
10649,New,MISRA C++-2008 Rule 16-1-1,None
10650,New,MISRA C++-2008 Rule 16-1-1,None
10651,New,MISRA C++-2008 Rule 16-2-1,None
10652,New,MISRA C++-2008 Rule 16-2-1,None
10653,New,MISRA C++-2008 Rule 16-2-1,None
10654,New,MISRA C++-2008 Rule 16-2-1,None
10655,New,MISRA C++-2008 Rule 16-2-1,None
10656,New,MISRA C++-2008 Rule 16-2-1,None
10657,New,MISRA C++-2008 Rule 16-2-1,None
10658,New,MISRA C++-2008 Rule 16-2-1,None
10659,New,MISRA C++-2008 Rule 16-2-1,None
10660,New,MISRA C++-2008 Rule 16-2-1,None
10661,New,MISRA C++-2008 Rule 16-2-1,None
10662,New,MISRA C++-2008 Rule 16-2-1,None
10663,New,MISRA C++-2008 Rule 16-2-3,None
10664,New,MISRA C++-2008 Rule 16-3-2,None
10665,New,MISRA C++-2008 Rule 18-0-1,None
10666,New,MISRA C++-2008 Rule 18-0-4,None
10667,New,MISRA C++-2008 Rule 18-2-1,None
10668,New,MISRA C++-2008 Rule 19-3-1,None
10669,New,MISRA C++-2008 Rule 2-13-3,None
10670,New,MISRA C++-2008 Rule 2-13-3,None
10671,New,MISRA C++-2008 Rule 2-7-2,None
10672,New,MISRA C++-2008 Rule 2-7-2,None
10673,New,MISRA C++-2008 Rule 2-7-2,None
10674,New,MISRA C++-2008 Rule 2-7-3,None
10675,New,MISRA C++-2008 Rule 2-7-3,None
10676,New,MISRA C++-2008 Rule 2-7-3,None
10677,New,MISRA C++-2008 Rule 2-7-3,None
10678,New,MISRA C++-2008 Rule 3-9-2,None
10679,New,MISRA C++-2008 Rule 3-9-2,None
10680,New,MISRA C++-2008 Rule 3-9-2,None
10681,New,MISRA C++-2008 Rule 3-9-2,None
10682,New,MISRA C++-2008 Rule 3-9-2,None
10683,New,MISRA C++-2008 Rule 3-9-2,None
10684,New,MISRA C++-2008 Rule 3-9-2,None
10685,New,MISRA C++-2008 Rule 3-9-2,None
10686,New,MISRA C++-2008 Rule 3-9-2,None
10687,New,MISRA C++-2008 Rule 3-9-2,None
10688,New,MISRA C++-2008 Rule 3-9-2,None
10689,New,MISRA C++-2008 Rule 3-9-2,None
10690,New,MISRA C++-2008 Rule 3-9-2,None
10691,New,MISRA C++-2008 Rule 3-9-2,None
10692,New,MISRA C++-2008 Rule 3-9-2,None
10693,New,MISRA C++-2008 Rule 3-9-2,None
10694,New,MISRA C++-2008 Rule 3-9-2,None
10695,New,MISRA C++-2008 Rule 3-9-2,None
10696,New,MISRA C++-2008 Rule 3-9-2,None
10697,New,MISRA C++-2008 Rule 3-9-2,None
10698,New,MISRA C++-2008 Rule 3-9-2,None
10699,New,MISRA C++-2008 Rule 3-9-2,None
10700,New,MISRA C++-2008 Rule 3-9-2,None
10701,New,MISRA C++-2008 Rule 3-9-2,None
10702,New,MISRA C++-2008 Rule 3-9-2,None
10703,New,MISRA C++-2008 Rule 3-9-2,None
10704,New,MISRA C++-2008 Rule 3-9-2,None
10705,New,MISRA C++-2008 Rule 3-9-2,None
10706,New,MISRA C++-2008 Rule 3-9-2,None
10707,New,MISRA C++-2008 Rule 3-9-2,None
10708,New,MISRA C++-2008 Rule 3-9-2,None
10709,New,MISRA C++-2008 Rule 3-9-2,None
10710,New,MISRA C++-2008 Rule 3-9-2,None
10711,New,MISRA C++-2008 Rule 3-9-2,None
10712,New,MISRA C++-2008 Rule 3-9-2,None
10713,New,MISRA C++-2008 Rule 3-9-2,None
10714,New,MISRA C++-2008 Rule 3-9-2,None
10715,New,MISRA C++-2008 Rule 3-9-2,None
10716,New,MISRA C++-2008 Rule 3-9-2,None
10717,New,MISRA C++-2008 Rule 3-9-2,None
10718,New,MISRA C++-2008 Rule 3-9-2,None
10719,New,MISRA C++-2008 Rule 3-9-2,None
10720,New,MISRA C++-2008 Rule 3-9-2,None
10721,New,MISRA C++-2008 Rule 3-9-2,None
10722,New,MISRA C++-2008 Rule 3-9-2,None
10723,New,MISRA C++-2008 Rule 3-9-2,None
10724,New,MISRA C++-2008 Rule 3-9-2,None
10725,New,MISRA C++-2008 Rule 3-9-2,None
10726,New,MISRA C++-2008 Rule 3-9-2,None
10727,New,MISRA C++-2008 Rule 3-9-2,None
10728,New,MISRA C++-2008 Rule 3-9-2,None
10729,New,MISRA C++-2008 Rule 3-9-2,None
10730,New,MISRA C++-2008 Rule 3-9-2,None
10731,New,MISRA C++-2008 Rule 3-9-2,None
10732,New,MISRA C++-2008 Rule 3-9-2,None
10733,New,MISRA C++-2008 Rule 3-9-2,None
10734,New,MISRA C++-2008 Rule 3-9-2,None
10735,New,MISRA C++-2008 Rule 3-9-2,None
10736,New,MISRA C++-2008 Rule 3-9-2,None
10737,New,MISRA C++-2008 Rule 3-9-2,None
10738,New,MISRA C++-2008 Rule 3-9-2,None
10739,New,MISRA C++-2008 Rule 3-9-2,None
10740,New,MISRA C++-2008 Rule 3-9-2,None
10741,New,MISRA C++-2008 Rule 3-9-2,None
10742,New,MISRA C++-2008 Rule 3-9-2,None
10743,New,MISRA C++-2008 Rule 3-9-2,None
10744,New,MISRA C++-2008 Rule 3-9-2,None
10745,New,MISRA C++-2008 Rule 3-9-2,None
10746,New,MISRA C++-2008 Rule 3-9-2,None
10747,New,MISRA C++-2008 Rule 3-9-2,None
10748,New,MISRA C++-2008 Rule 3-9-2,None
10749,New,MISRA C++-2008 Rule 3-9-2,None
10750,New,MISRA C++-2008 Rule 3-9-2,None
10751,New,MISRA C++-2008 Rule 3-9-2,None
10752,New,MISRA C++-2008 Rule 3-9-2,None
10753,New,MISRA C++-2008 Rule 3-9-2,None
10754,New,MISRA C++-2008 Rule 3-9-2,None
10755,New,MISRA C++-2008 Rule 3-9-2,None
10756,New,MISRA C++-2008 Rule 3-9-2,None
10757,New,MISRA C++-2008 Rule 3-9-2,None
10758,New,MISRA C++-2008 Rule 3-9-2,None
10759,New,MISRA C++-2008 Rule 3-9-2,None
10760,New,MISRA C++-2008 Rule 3-9-2,None
10761,New,MISRA C++-2008 Rule 3-9-2,None
10762,New,MISRA C++-2008 Rule 3-9-2,None
10763,New,MISRA C++-2008 Rule 3-9-2,None
10764,New,MISRA C++-2008 Rule 3-9-2,None
10765,New,MISRA C++-2008 Rule 3-9-2,None
10766,New,MISRA C++-2008 Rule 3-9-2,None
10767,New,MISRA C++-2008 Rule 3-9-2,None
10768,New,MISRA C++-2008 Rule 3-9-2,None
10769,New,MISRA C++-2008 Rule 3-9-2,None
10770,New,MISRA C++-2008 Rule 3-9-2,None
10771,New,MISRA C++-2008 Rule 3-9-2,None
10772,New,MISRA C++-2008 Rule 3-9-2,None
10773,New,MISRA C++-2008 Rule 3-9-2,None
10774,New,MISRA C++-2008 Rule 3-9-2,None
10775,New,MISRA C++-2008 Rule 3-9-2,None
10776,New,MISRA C++-2008 Rule 3-9-2,None
10777,New,MISRA C++-2008 Rule 3-9-2,None
10778,New,MISRA C++-2008 Rule 3-9-2,None
10779,New,MISRA C++-2008 Rule 3-9-2,None
10780,New,MISRA C++-2008 Rule 3-9-2,None
10781,New,MISRA C++-2008 Rule 3-9-2,None
10782,New,MISRA C++-2008 Rule 3-9-2,None
10783,New,MISRA C++-2008 Rule 3-9-2,None
10784,New,MISRA C++-2008 Rule 3-9-2,None
10785,New,MISRA C++-2008 Rule 3-9-2,None
10786,New,MISRA C++-2008 Rule 3-9-2,None
10787,New,MISRA C++-2008 Rule 3-9-2,None
10788,New,MISRA C++-2008 Rule 3-9-2,None
10789,New,MISRA C++-2008 Rule 3-9-2,None
10790,New,MISRA C++-2008 Rule 3-9-2,None
10791,New,MISRA C++-2008 Rule 3-9-2,None
10792,New,MISRA C++-2008 Rule 3-9-2,None
10793,New,MISRA C++-2008 Rule 3-9-2,None
10794,New,MISRA C++-2008 Rule 3-9-2,None
10795,New,MISRA C++-2008 Rule 3-9-2,None
10796,New,MISRA C++-2008 Rule 3-9-2,None
10797,New,MISRA C++-2008 Rule 3-9-2,None
10798,New,MISRA C++-2008 Rule 3-9-2,None
10799,New,MISRA C++-2008 Rule 3-9-2,None
10800,New,MISRA C++-2008 Rule 3-9-2,None
10801,New,MISRA C++-2008 Rule 3-9-2,None
10802,New,MISRA C++-2008 Rule 3-9-2,None
10803,New,MISRA C++-2008 Rule 3-9-2,None
10804,New,MISRA C++-2008 Rule 5-0-15,None
10805,New,MISRA C++-2008 Rule 5-0-15,None
10806,New,MISRA C++-2008 Rule 5-0-15,None
10807,New,MISRA C++-2008 Rule 5-0-15,None
10808,New,MISRA C++-2008 Rule 5-0-15,None
10809,New,MISRA C++-2008 Rule 5-0-15,None
10810,New,MISRA C++-2008 Rule 5-0-15,None
10811,New,MISRA C++-2008 Rule 5-0-15,None
10812,New,MISRA C++-2008 Rule 5-0-15,None
10813,New,MISRA C++-2008 Rule 5-0-15,None
10814,New,MISRA C++-2008 Rule 5-0-15,None
10815,New,MISRA C++-2008 Rule 5-0-15,None
10816,New,MISRA C++-2008 Rule 5-0-15,None
10817,New,MISRA C++-2008 Rule 5-0-15,None
10818,New,MISRA C++-2008 Rule 7-3-4,None
10819,New,MISRA C++-2008 Rule 5-0-2,None
10820,New,MISRA C++-2008 Rule 5-0-2,None
10821,New,MISRA C++-2008 Rule 5-0-2,None
10822,New,MISRA C++-2008 Rule 5-0-2,None
10823,New,MISRA C++-2008 Rule 5-0-2,None
10824,New,MISRA C++-2008 Rule 5-0-2,None
10825,New,MISRA C++-2008 Rule 8-0-1,None
10826,New,MISRA C++-2008 Rule 8-0-1,None
10827,New,MISRA C++-2008 Rule 8-5-3,None
10828,New,MISRA C++-2008 Rule 9-5-1,None
10829,New,MISRA C++-2008 Rule 5-0-3,None
10830,New,MISRA C++-2008 Rule 5-0-4,None
10831,New,MISRA C++-2008 Rule 5-0-4,None
10832,New,MISRA C++-2008 Rule 5-0-4,None
10833,New,MISRA C++-2008 Rule 5-0-9,None
10834,New,MISRA C++-2008 Rule 5-0-9,None
10835,New,MISRA C++-2008 Rule 5-0-4,None
10836,New,MISRA C++-2008 Rule 5-0-4,None
10837,New,MISRA C++-2008 Rule 5-0-4,None
10838,New,MISRA C++-2008 Rule 5-0-4,None
10839,New,MISRA C++-2008 Rule 5-0-5,None
10840,New,MISRA C++-2008 Rule 5-0-4,None
10841,New,MISRA C++-2008 Rule 5-0-7,None
10842,New,MISRA C++-2008 Rule 5-0-4,None
10843,New,MISRA C++-2008 Rule 5-0-4,None
10844,New,MISRA C++-2008 Rule 5-0-4,None
10845,New,MISRA C++-2008 Rule 5-0-4,None
10846,New,MISRA C++-2008 Rule 5-0-4,None
10847,New,MISRA C++-2008 Rule 5-0-5,None
10848,New,MISRA C++-2008 Rule 5-0-4,None
10849,New,MISRA C++-2008 Rule 5-0-9,None
10850,New,MISRA C++-2008 Rule 5-0-4,None
10851,New,MISRA C++-2008 Rule 5-0-4,None
10852,New,MISRA C++-2008 Rule 5-0-4,None
10853,New,MISRA C++-2008 Rule 5-0-5,None
10854,New,MISRA C++-2008 Rule 5-0-4,None
10855,New,MISRA C++-2008 Rule 5-0-3,None
10856,New,MISRA C++-2008 Rule 5-0-4,None
10857,New,MISRA C++-2008 Rule 5-0-4,None
10858,New,MISRA C++-2008 Rule 5-0-4,None
10859,New,MISRA C++-2008 Rule 5-0-4,None
10860,New,MISRA C++-2008 Rule 5-0-4,None
10861,New,MISRA C++-2008 Rule 5-0-9,None
10862,New,MISRA C++-2008 Rule 5-0-5,None
10863,New,MISRA C++-2008 Rule 5-0-4,None
10864,New,MISRA C++-2008 Rule 5-0-5,None
10865,New,MISRA C++-2008 Rule 5-0-4,None
10866,New,MISRA C++-2008 Rule 5-0-9,None
10867,New,MISRA C++-2008 Rule 5-0-4,None
10868,New,MISRA C++-2008 Rule 5-0-3,None
10869,New,MISRA C++-2008 Rule 5-0-4,None
10870,New,MISRA C++-2008 Rule 5-0-5,None
10871,New,MISRA C++-2008 Rule 5-0-3,None
10872,New,MISRA C++-2008 Rule 5-0-4,None
10873,New,MISRA C++-2008 Rule 5-2-7,None
10874,New,MISRA C++-2008 Rule 5-2-5,None
10875,New,MISRA C++-2008 Rule 0-3-2,None
10876,New,MISRA C++-2008 Rule 0-3-2,None
10877,New,MISRA C++-2008 Rule 0-3-2,None
10878,New,MISRA C++-2008 Rule 5-2-5,None
10879,New,MISRA C++-2008 Rule 0-3-2,None
10880,New,MISRA C++-2008 Rule 0-3-2,None
10881,New,MISRA C++-2008 Rule 5-2-7,None
10882,New,MISRA C++-2008 Rule 0-3-2,None
10883,New,MISRA C++-2008 Rule 5-2-5,None
10884,New,MISRA C++-2008 Rule 5-2-5,None
10885,New,MISRA C++-2008 Rule 5-2-5,None
10886,New,MISRA C++-2008 Rule 11-0-1,None
10887,New,MISRA C++-2008 Rule 11-0-1,None
10888,New,MISRA C++-2008 Rule 0-3-2,None
10889,New,MISRA C++-2008 Rule 5-0-11,None
10890,New,MISRA C++-2008 Rule 0-3-2,None
10891,New,MISRA C++-2008 Rule 5-2-7,None
10892,New,MISRA C++-2008 Rule 0-3-2,None
10893,New,MISRA C++-2008 Rule 5-2-7,None
10894,New,MISRA C++-2008 Rule 5-2-5,None
10895,New,MISRA C++-2008 Rule 0-3-2,None
10896,New,MISRA C++-2008 Rule 5-2-5,None
10897,New,MISRA C++-2008 Rule 0-3-2,None
10898,New,MISRA C++-2008 Rule 5-2-5,None
10899,New,MISRA C++-2008 Rule 5-2-7,None
10900,New,MISRA C++-2008 Rule 5-2-5,None
10901,New,MISRA C++-2008 Rule 5-2-5,None
10902,New,MISRA C++-2008 Rule 5-2-7,None
10903,New,MISRA C++-2008 Rule 7-1-1,None
10904,New,MISRA C++-2008 Rule 6-3-1,None
10905,New,MISRA C++-2008 Rule 7-1-1,None
10906,New,MISRA C++-2008 Rule 7-1-1,None
10907,New,MISRA C++-2008 Rule 7-1-1,None
10908,New,MISRA C++-2008 Rule 5-0-14,None
10909,New,MISRA C++-2008 Rule 7-1-1,None
10910,New,MISRA C++-2008 Rule 7-1-1,None
10911,New,MISRA C++-2008 Rule 5-0-14,None
10912,New,MISRA C++-2008 Rule 5-0-14,None
10913,New,MISRA C++-2008 Rule 7-1-1,None
10914,New,MISRA C++-2008 Rule 5-0-14,None
10915,New,MISRA C++-2008 Rule 5-0-14,None
10916,New,MISRA C++-2008 Rule 5-0-14,None
10917,New,MISRA C++-2008 Rule 7-1-1,None
10918,New,MISRA C++-2008 Rule 7-1-1,None
10919,New,MISRA C++-2008 Rule 5-0-14,None
10920,New,MISRA C++-2008 Rule 7-1-1,None
10921,New,MISRA C++-2008 Rule 7-1-1,None
10922,New,MISRA C++-2008 Rule 7-1-1,None
10923,New,MISRA C++-2008 Rule 5-0-14,None
10924,New,MISRA C++-2008 Rule 5-0-14,None
10925,New,MISRA C++-2008 Rule 7-1-2,None
10926,New,MISRA C++-2008 Rule 5-0-14,None
10927,New,MISRA C++-2008 Rule 7-1-1,None
10928,New,MISRA C++-2008 Rule 7-1-1,None
10929,New,MISRA C++-2008 Rule 5-0-14,None
10930,New,MISRA C++-2008 Rule 7-1-1,None
10931,New,MISRA C++-2008 Rule 7-1-1,None
10932,New,MISRA C++-2008 Rule 7-1-1,None
10933,New,MISRA C++-2008 Rule 5-0-14,None
10934,New,MISRA C++-2008 Rule 7-1-1,None
10935,New,MISRA C++-2008 Rule 7-1-1,None
10936,New,MISRA C++-2008 Rule 7-1-1,None
10937,New,MISRA C++-2008 Rule 7-1-1,None
10938,New,MISRA C++-2008 Rule 5-0-14,None
10939,New,MISRA C++-2008 Rule 6-3-1,None
10940,New,MISRA C++-2008 Rule 5-0-14,None
10941,New,MISRA C++-2008 Rule 7-1-1,None
10942,New,MISRA C++-2008 Rule 7-1-1,None
10943,New,MISRA C++-2008 Rule 5-0-14,None
10944,New,MISRA C++-2008 Rule 7-1-1,None
10945,New,MISRA C++-2008 Rule 7-1-1,None
10946,New,MISRA C++-2008 Rule 5-0-14,None
10947,New,MISRA C++-2008 Rule 7-1-1,None
10948,New,MISRA C++-2008 Rule 6-3-1,None
10949,New,MISRA C++-2008 Rule 5-0-14,None
10950,New,MISRA C++-2008 Rule 7-1-1,None
10951,New,MISRA C++-2008 Rule 7-1-1,None
10952,New,MISRA C++-2008 Rule 7-1-1,None
10953,New,MISRA C++-2008 Rule 7-1-2,None
10954,New,MISRA C++-2008 Rule 7-1-1,None
10955,New,MISRA C++-2008 Rule 7-1-1,None
10956,New,MISRA C++-2008 Rule 5-0-14,None
10957,New,MISRA C++-2008 Rule 5-0-14,None
10958,New,MISRA C++-2008 Rule 7-1-1,None
10959,New,MISRA C++-2008 Rule 7-1-1,None
10960,New,MISRA C++-2008 Rule 7-1-1,None
10961,New,MISRA C++-2008 Rule 7-1-1,None
10962,New,MISRA C++-2008 Rule 7-1-1,None
10963,New,MISRA C++-2008 Rule 7-1-1,None
10964,New,MISRA C++-2008 Rule 7-1-1,None
10965,New,MISRA C++-2008 Rule 7-1-1,None
10966,New,MISRA C++-2008 Rule 7-1-1,None
10967,New,MISRA C++-2008 Rule 7-1-1,None
10968,New,MISRA C++-2008 Rule 7-1-1,None
10969,New,MISRA C++-2008 Rule 7-1-2,None
10970,New,MISRA C++-2008 Rule 7-1-1,None
10971,New,MISRA C++-2008 Rule 4-5-3,None
10972,New,MISRA C++-2008 Rule 4-5-3,None
10973,New,MISRA C++-2008 Rule 9-3-1,None
10974,New,MISRA C++-2008 Rule 4-5-3,None
10975,New,MISRA C++-2008 Rule 4-5-3,None
10976,New,MISRA C++-2008 Rule 9-3-1,None
10977,New,MISRA C++-2008 Rule 4-5-3,None
10978,New,MISRA C++-2008 Rule 9-3-1,None
10979,New,MISRA C++-2008 Rule 4-5-3,None
10980,New,MISRA C++-2008 Rule 4-5-3,None
10981,New,MISRA C++-2008 Rule 9-3-1,None
10982,New,MISRA C++-2008 Rule 9-3-1,None
10983,New,MISRA C++-2008 Rule 4-5-3,None
10984,New,MISRA C++-2008 Rule 4-5-3,None
10985,New,MISRA C++-2008 Rule 4-5-3,None
10986,New,MISRA C++-2008 Rule 4-5-3,None
10987,New,MISRA C++-2008 Rule 4-5-3,None
10988,New,MISRA C++-2008 Rule 9-3-1,None
10989,New,MISRA C++-2008 Rule 4-5-3,None
10990,New,MISRA C++-2008 Rule 4-5-3,None
10991,New,MISRA C++-2008 Rule 4-5-3,None
10992,New,MISRA C++-2008 Rule 4-5-3,None
10993,New,MISRA C++-2008 Rule 7-3-1,None
10994,New,MISRA C++-2008 Rule 7-3-1,None
10995,New,MISRA C++-2008 Rule 5-2-12,None
10996,New,MISRA C++-2008 Rule 5-2-12,None
10997,New,MISRA C++-2008 Rule 5-2-12,None
10998,New,MISRA C++-2008 Rule 5-2-12,None
10999,New,MISRA C++-2008 Rule 7-3-1,None
11000,New,MISRA C++-2008 Rule 7-3-1,None
11001,New,MISRA C++-2008 Rule 6-2-2,None
11002,New,MISRA C++-2008 Rule 7-3-1,None
11003,New,MISRA C++-2008 Rule 5-2-12,None
11004,New,MISRA C++-2008 Rule 5-2-12,None
11005,New,MISRA C++-2008 Rule 5-2-12,None
11006,New,MISRA C++-2008 Rule 5-2-12,None
11007,New,MISRA C++-2008 Rule 8-4-1,None
11008,New,MISRA C++-2008 Rule 5-2-12,None
11009,New,MISRA C++-2008 Rule 5-2-12,None
11010,New,MISRA C++-2008 Rule 5-2-12,None
11011,New,MISRA C++-2008 Rule 5-2-12,None
11012,New,MISRA C++-2008 Rule 7-3-1,None
11013,New,MISRA C++-2008 Rule 7-3-1,None
11014,New,MISRA C++-2008 Rule 5-2-12,None
11015,New,MISRA C++-2008 Rule 5-2-12,None
11016,New,MISRA C++-2008 Rule 7-3-1,None
11017,New,MISRA C++-2008 Rule 5-2-12,None
11018,New,MISRA C++-2008 Rule 5-2-12,None
11019,New,MISRA C++-2008 Rule 5-2-12,None
11020,New,MISRA C++-2008 Rule 5-2-12,None
11021,New,MISRA C++-2008 Rule 7-3-1,None
11022,New,MISRA C++-2008 Rule 5-2-12,None
11023,New,MISRA C++-2008 Rule 5-2-12,None
11024,New,MISRA C++-2008 Rule 6-2-2,None
11025,New,MISRA C++-2008 Rule 5-2-12,None
11026,New,MISRA C++-2008 Rule 5-2-12,None
11027,New,MISRA C++-2008 Rule 5-2-12,None
11028,New,MISRA C++-2008 Rule 5-2-12,None
11029,New,MISRA C++-2008 Rule 5-3-1,None
11030,New,MISRA C++-2008 Rule 5-3-1,None
11031,New,MISRA C++-2008 Rule 5-3-1,None
11032,New,MISRA C++-2008 Rule 6-4-1,None
11033,New,MISRA C++-2008 Rule 5-3-1,None
11034,New,MISRA C++-2008 Rule 6-4-1,None
11035,New,MISRA C++-2008 Rule 6-5-2,None
11036,New,MISRA C++-2008 Rule 6-4-1,None
11037,New,MISRA C++-2008 Rule 5-3-1,None
11038,New,MISRA C++-2008 Rule 6-5-2,None
11039,New,MISRA C++-2008 Rule 5-3-1,None
11040,New,MISRA C++-2008 Rule 5-3-1,None
11041,New,MISRA C++-2008 Rule 5-3-1,None
11042,New,MISRA C++-2008 Rule 5-3-1,None
11043,New,MISRA C++-2008 Rule 6-5-2,None
11044,New,MISRA C++-2008 Rule 6-5-2,None
11045,New,MISRA C++-2008 Rule 5-3-1,None
11046,New,MISRA C++-2008 Rule 5-0-18,None
11047,New,MISRA C++-2008 Rule 5-3-1,None
11048,New,MISRA C++-2008 Rule 6-4-1,None
11049,New,MISRA C++-2008 Rule 5-3-1,None
11050,New,MISRA C++-2008 Rule 5-3-1,None
11051,New,MISRA C++-2008 Rule 5-3-1,None
11052,New,MISRA C++-2008 Rule 5-3-1,None
11053,New,MISRA C++-2008 Rule 5-3-1,None
11054,New,MISRA C++-2008 Rule 6-5-2,None
11055,New,MISRA C++-2008 Rule 6-5-1,None
11056,New,MISRA C++-2008 Rule 5-3-1,None
11057,New,MISRA C++-2008 Rule 5-18-1,None
11058,New,MISRA C++-2008 Rule 6-4-2,None
11059,New,MISRA C++-2008 Rule 6-5-2,None
11060,New,MISRA C++-2008 Rule 6-5-2,None
11061,New,MISRA C++-2008 Rule 6-5-2,None
11062,New,MISRA C++-2008 Rule 5-3-1,None
11063,New,MISRA C++-2008 Rule 5-3-1,None
11064,New,MISRA C++-2008 Rule 6-4-2,None
11065,New,MISRA C++-2008 Rule 5-3-1,None
11066,New,MISRA C++-2008 Rule 5-3-1,None
11067,New,MISRA C++-2008 Rule 5-3-1,None
11068,New,MISRA C++-2008 Rule 5-3-1,None
11069,New,MISRA C++-2008 Rule 5-3-1,None
11070,New,MISRA C++-2008 Rule 6-4-1,None
11071,New,MISRA C++-2008 Rule 5-18-1,None
11072,New,MISRA C++-2008 Rule 5-3-1,None
11073,New,MISRA C++-2008 Rule 6-5-2,None
11074,New,MISRA C++-2008 Rule 5-3-1,None
11075,New,MISRA C++-2008 Rule 5-3-1,None
11076,New,MISRA C++-2008 Rule 6-5-2,None
11077,New,MISRA C++-2008 Rule 5-3-1,None
11078,New,MISRA C++-2008 Rule 6-6-4,None
11079,New,MISRA C++-2008 Rule 5-3-1,None
11080,New,MISRA C++-2008 Rule 5-3-1,None
11081,New,MISRA C++-2008 Rule 5-3-1,None
11082,New,MISRA C++-2008 Rule 5-3-1,None
11083,New,MISRA C++-2008 Rule 6-5-2,None
11084,New,MISRA C++-2008 Rule 5-3-1,None
11085,New,MISRA C++-2008 Rule 6-4-1,None
11086,New,MISRA C++-2008 Rule 5-0-17,None
11087,New,MISRA C++-2008 Rule 6-6-5,None
11088,New,MISRA C++-2008 Rule 0-1-7,None
11089,New,MISRA C++-2008 Rule 6-6-5,None
11090,New,MISRA C++-2008 Rule 6-6-5,None
11091,New,MISRA C++-2008 Rule 6-6-5,None
11092,New,MISRA C++-2008 Rule 0-1-7,None
11093,New,MISRA C++-2008 Rule 0-1-7,None
11094,New,MISRA C++-2008 Rule 0-1-7,None
11095,New,MISRA C++-2008 Rule 0-1-7,None
11096,New,MISRA C++-2008 Rule 6-6-5,None
11097,New,MISRA C++-2008 Rule 6-6-5,None
11098,New,MISRA C++-2008 Rule 6-6-5,None
11099,New,MISRA C++-2008 Rule 6-6-5,None
11100,New,MISRA C++-2008 Rule 6-6-5,None
11101,New,MISRA C++-2008 Rule 6-6-5,None
11102,New,MISRA C++-2008 Rule 0-1-7,None
11103,New,MISRA C++-2008 Rule 6-6-5,None
11104,New,MISRA C++-2008 Rule 6-6-5,None
11105,New,MISRA C++-2008 Rule 6-6-5,None
11106,New,MISRA C++-2008 Rule 6-6-5,None
11107,New,MISRA C++-2008 Rule 6-6-5,None
11108,New,MISRA C++-2008 Rule 6-6-5,None
11109,New,MISRA C++-2008 Rule 0-1-7,None
11110,New,MISRA C++-2008 Rule 0-1-7,None
11111,New,MISRA C++-2008 Rule 6-6-5,None
11112,New,MISRA C++-2008 Rule 6-6-5,None
11113,New,MISRA C++-2008 Rule 6-6-5,None
11114,New,MISRA C++-2008 Rule 6-6-5,None
11115,New,MISRA C++-2008 Rule 0-1-7,None
11116,New,MISRA C++-2008 Rule 0-1-7,None
11117,New,MISRA C++-2008 Rule 0-1-7,None
11118,New,MISRA C++-2008 Rule 6-6-5,None
11119,New,MISRA C++-2008 Rule 0-1-7,None
11120,New,MISRA C++-2008 Rule 6-6-5,None
11121,New,MISRA C++-2008 Rule 6-6-5,None
11122,New,MISRA C++-2008 Rule 6-6-5,None
11123,New,MISRA C++-2008 Rule 6-6-5,None
11124,New,MISRA C++-2008 Rule 6-6-5,None
11125,New,MISRA C++-2008 Rule 6-6-5,None
11126,New,MISRA C++-2008 Rule 6-6-5,None
11127,New,MISRA C++-2008 Rule 6-6-5,None
11128,New,MISRA C++-2008 Rule 6-6-5,None
11129,New,MISRA C++-2008 Rule 6-6-5,None
11130,New,MISRA C++-2008 Rule 2-10-5,None
11131,New,MISRA C++-2008 Rule 6-6-5,None
11132,New,MISRA C++-2008 Rule 6-6-5,None
11133,New,MISRA C++-2008 Rule 0-1-7,None
11134,New,MISRA C++-2008 Rule 6-6-5,None
11135,New,MISRA C++-2008 Rule 0-1-7,None
11136,New,MISRA C++-2008 Rule 0-1-7,None
11137,New,MISRA C++-2008 Rule 0-1-7,None
11138,New,MISRA C++-2008 Rule 6-6-5,None
11139,New,MISRA C++-2008 Rule 0-1-7,None
11140,New,MISRA C++-2008 Rule 0-1-7,None
11141,New,MISRA C++-2008 Rule 0-1-7,None
11142,New,MISRA C++-2008 Rule 6-6-5,None
11143,New,MISRA C++-2008 Rule 0-1-7,None
11144,New,MISRA C++-2008 Rule 0-1-7,None
11145,New,MISRA C++-2008 Rule 6-6-5,None
11146,New,MISRA C++-2008 Rule 2-10-5,None
11147,New,MISRA C++-2008 Rule 0-1-7,None
11148,New,MISRA C++-2008 Rule 0-1-7,None
11149,New,MISRA C++-2008 Rule 6-6-5,None
11150,New,MISRA C++-2008 Rule 0-1-7,None
11151,New,MISRA C++-2008 Rule 0-1-7,None
11152,New,MISRA C++-2008 Rule 0-1-7,None
11153,New,MISRA C++-2008 Rule 6-6-5,None
11154,New,MISRA C++-2008 Rule 0-1-7,None
11155,New,MISRA C++-2008 Rule 0-1-7,None
11156,New,MISRA C++-2008 Rule 0-1-8,None
11157,New,MISRA C++-2008 Rule 2-10-5,None
11158,New,MISRA C++-2008 Rule 0-1-7,None
11159,New,MISRA C++-2008 Rule 6-6-5,None
11160,New,MISRA C++-2008 Rule 6-6-5,None
11161,New,MISRA C++-2008 Rule 6-6-5,None
11162,New,MISRA C++-2008 Rule 6-6-5,None
11163,New,MISRA C++-2008 Rule 0-1-7,None
11164,New,MISRA C++-2008 Rule 6-6-5,None
11165,New,MISRA C++-2008 Rule 6-6-5,None
11166,New,MISRA C++-2008 Rule 0-1-7,None
11167,New,MISRA C++-2008 Rule 0-1-6,None
11168,New,MISRA C++-2008 Rule 0-1-6,None
11169,New,MISRA C++-2008 Rule 0-1-3,default triage, overridden by manual triage|default triage, overridden by manual triage|A justification.|A justification|dfgdfg
11170,New,MISRA C++-2008 Rule 0-1-3,None
11171,New,MISRA C++-2008 Rule 0-1-3,None
11172,New,MISRA C++-2008 Rule 2-10-2,None
11173,New,MISRA C++-2008 Rule 7-5-4,None
